pdbCompoundId,pdbStructureId
097,2jih
0RF,4ekl
0SX,4f9c
0V5,3ujs
0YK,7f3o
117,1hwk
172,3kr0
198,4okb
1C9,4i23
1PG,5nn0
1PG,5urv
1TA,5ufs
205,2f8i
242,2ofv
24U,2zi2
276,2qu5
27K,4mg9
29U,2zgx
2HC,5bnl
2O7,2o7n
2VQ,4mo8
324,3c4c
34W,4qmv
356,2rgu
358,1ove
361,3hac
371,2duv
3EW,4u7z
3PO,5mza
3PO,6d5x
443,3kl6
444,1pqc
4DI,2aov
4NH,2a8h
4NP,4woh
4OH,3l03
4TX,5boj
50V,5cf8
537,5lvl
5BN,1p2a
5BP,3ej1
5GP,1hmp
5GP,2ble
5ID,3uwp
5NS,3cft
5P8,4cli
6T2,6joi
715,1x70
761,1c84
778,1s63
78P,2rd6
78P,5lx6
793,3fpm
796,2gu8
7PY,2etm
7RU,7vod
872,2iit
8BR,1ro9
8HO,6kkb
8MO,1z11
8X7,5vd0
936,1kbq
94M,3qdd
95E,5nr3
965,4nqa
96Q,5nsd
989,1nl9
99B,4awo
9BD,3h9o
9SC,7e2z
9XW,5olo
9XY,5w9d
A19,2ga2
A37,2fhy
A3P,2h8k
A3P,5wrj
A3W,5oq4
A5A,4xem
ABU,2okk
ACD,4zga
ACD,3v99
ACP,6eq9
ACP,1i44
ACP,5v60
ACP,4oav
ACY,3erd
ACY,5c0f
ACY,1uvq
ACY,6fmp
ACY,1cay
ACY,2bzz
ACY,4fyq
ACY,2hd4
ACY,3a77
ACY,5w6x
ACY,1u4l
ADN,6ttp
ADN,2kqd
ADN,6rvz
ADX,1xnj
AGP,2zj4
AGS,1isg
AIB,7bot
AJI,3a0i
AKG,3ldb
AKG,3bu0
ALA,3beg
ALC,5vbl
AMP,6l5m
AMP,5ikp
AMP,2dsd
AMP,7b7z
AMP,3iuy
AMP,3x01
AMP,2i4i
AMP,2bwj
AMP,1ds5
APC,6c02
APC,4dpg
APD,6xie
AQ4,1m17
ASP,6zxg
ATP,2a3z
ATP,6bcu
ATP,6zjd
ATP,6c0v
ATP,3ldl
ATP,1gz3
ATP,2x15
ATP,4xbr
ATP,4wae
ATP,5uj7
ATP,4hot
ATP,6gfa
ATP,7shm
ATP,6zvj
ATP,7mq8
ATP,5nwl
ATP,5fwk
ATP,2ijm
ATP,7nxv
ATP,6u8n
AZ2,1i7i
AZM,3ml5
AZZ,3b9l
B3P,2yd9
B49,4qmz
B72,3hzf
B86,3ipx
BAL,4thn
BAL,6dn5
BAL,4aqd
BAT,1mmb
BAU,3p0e
BDT,3dop
BES,4kxb
BES,4fyr
BEZ,6q01
BEZ,1h4o
BEZ,1yaj
BGC,4e0s
BGC,6wlw
BGC,1dva
BGC,3epz
BGC,3s9c
BGC,6s0b
BGC,5d65
BME,5yql
BME,1exu
BME,7lhx
BME,2iuw
BME,3ocs
BME,1iii
BME,2ybf
BME,6lvs
BME,6d5g
BME,5tey
BME,1qip
BME,4wzg
BME,1g55
BME,1n6h
BO3,6ya6
BPZ,2zkc
BTN,4wvp
BTN,6njz
BUA,1p0i
BVP,2jaw
C1F,2bxa
C8C,2va5
CAR,1nh3
CDP,6kaj
CEL,1oq5
CFF,1l5q
CGU,1p0s
CIA,1udu
CIH,3fj6
CIR,6ati
CIR,5ock
CIR,5jlz
CIT,6io0
CIT,3pp2
CIT,6bi8
CIT,3hh2
CIT,4z6a
CIT,6jfk
CIT,1kwm
CIT,1az2
CIT,4has
CIT,2z6w
CIT,4x5v
CIT,7na1
CIT,3alp
CIT,5om6
CIT,5gre
CIT,2hi9
CIT,5fai
CK7,4b9d
CK8,1pxp
CLR,7n6q
CLR,4or2
CLR,7mix
CLR,3gki
CLR,6lqg
CLR,6vn7
CMO,1i3d
COA,3epy
COA,4u9w
COA,7f3t
COA,2jfk
COL,1gfy
CR9,1o5g
CRD,6iso
CRN,3b6r
CSD,1dnc
CSD,5fzo
CSD,2qug
CSD,1oeu
CTP,5tfd
CXZ,3bmy
CYS,1n26
CYS,7jwn
D16,1hvy
D27,2vd0
D3E,3d3e
D4M,1z4q
D4P,6m5e
D5H,5y1j
DA2,5tdb
DAB,1j73
DAL,2wfj
DAL,1bck
DAL,4gln
DAL,2npp
DAL,3fga
DAL,3agl
DAN,1vcu
DAO,5uca
DAO,4tkb
DAO,6cht
DAO,5c9j
DAS,6phk
DAS,6spw
DB8,3soa
DBH,1l6m
DC,6bel
DC8,2z4b
DCP,4qfy
DCY,4gls
DGI,7k96
DGL,7kjn
DGN,4gls
DGT,5tfi
DHT,1xj7
DIF,4z69
DIO,6yi1
DIO,5vi6
DIO,2g49
DKA,3u9q
DLY,5mcq
DLY,1ywh
DMA,2ick
DMF,3rs5
DMS,4kwp
DMS,6qju
DMS,5myv
DMS,4y99
DMS,5lb5
DMS,6y73
DMS,6m94
DMS,4acc
DMS,7ab1
DMS,3e16
DMS,4a06
DMS,7nth
DMS,5jct
DMS,5fh8
DMS,5jb8
DMS,7b3z
DOD,3kkx
DOD,5zn0
DOL,6zs9
DPN,3e0n
DSN,6wi3
DT4,2c6l
DTP,5tgk
DTQ,4btk
DTR,7kjn
DTT,2y92
DTT,4c2k
DTT,6v6z
DTT,4zm9
DTT,4cfn
DTT,4c0p
DTT,3kuf
DTY,5ly1
DTY,6yw3
DTY,3rul
DUD,1q5h
DUT,4qg0
DXE,5lgq
DXT,5om2
E4D,1sj0
EAA,11gs
EDO,7q5t
EDO,3fc2
EDO,5ieh
EDO,4kbs
EDO,3w2r
EDO,5ok6
EDO,3rnj
EDO,5mp0
EDO,6hax
EDO,6ddq
EDO,2rf0
EDO,5cp9
EDO,3vux
EDO,2xew
EDO,6ttk
EDO,5o5r
EDO,3e9v
EDO,4ikm
EDO,7mx3
EDO,5a2e
EDO,5afv
EDO,4y7r
EDO,6i7s
EDO,3cbq
EDO,3pcv
EDO,3qve
EDO,5wi9
EDO,3rmu
EDO,3l5i
EDO,3cos
EDO,4u6r
EDO,4g55
EDO,5ltu
EDO,3kv4
EDO,1wak
EDO,5kc8
EDO,5mf6
EDO,6mdw
EDO,7aq1
EDO,5dgo
EDO,4dsn
EDO,6y43
EDO,5jjm
EDO,5ooi
EDO,5fb8
EDO,6b96
EDO,6ljs
EDO,6r16
EDO,4rwf
EDO,4edl
EDO,5whk
EDO,5vdc
EDO,4dn5
EDO,6vjj
EDO,3dwy
EDO,5kzw
EDO,2x1h
EDO,3zdu
EDO,6dcl
EDO,6tec
EDO,4bdv
EDO,3o2t
EDO,5ngf
EDO,3vwd
EDO,2xsx
EDO,7rnu
EDO,5tdb
EDO,6mbj
EDO,6gy5
EDO,7lw7
EDO,6gq3
EDO,6p3d
EDO,6g0q
EDO,3g2f
EDO,6d66
EDO,4ywq
EDO,2yan
EDO,6p0i
EDO,6iw6
EDO,2xpx
EDO,4ch9
EDO,2gcn
EDO,3i2b
EDO,4wdi
EDO,7a9b
EDO,6moe
EDO,6nna
EDO,6xa6
EDO,4woh
EDO,4dkt
EDO,4chb
EDO,6bi8
EDO,6q01
EDO,3oni
EDO,4u17
EDO,6pjj
EDO,6hys
EDO,5k8r
EDO,6y4l
EDO,3rcw
EDO,6nid
EDO,2xdv
EDO,3rgf
EDO,3zli
EDO,1r46
EDO,5h84
EDO,4kvg
EDO,6q1n
EDO,4zie
EDO,6gva
EDO,5afw
EDO,4z0r
EDO,3cby
EDO,3b36
EDO,3rlo
EDO,2vac
EDO,6tt5
EDO,3qag
EOH,5jsm
EOH,2pl3
EOH,7ad7
ESL,3q95
ETA,1aii
EV1,3iak
FAD,3nks
FAD,2wbi
FAD,2iw5
FAD,5l46
FBS,1if4
FGA,3e7a
FLF,1bm7
FMN,5xtb
FMN,1d3g
FMT,3r5k
FMT,3vi6
FMT,4e2j
FMT,6pay
FMT,7br3
FMT,4rx7
FMT,6i7r
FMT,6xxi
FMT,5u5k
FMT,6st3
FMT,7k80
FPB,2bub
FRQ,1uk1
G6A,3e92
G93,3d0e
GAB,1gbn
GAI,6z39
GBL,4ehq
GDP,3t5g
GDP,6upq
GDP,7a5i
GDP,3v70
GDP,1z0f
GDP,7l08
GDP,1hh4
GDP,3lxx
GDP,5c2k
GDP,7o9k
GDP,5aqk
GDP,2msc
GDP,5izk
GDP,2w2t
GDP,6ekk
GDP,6vkj
GDP,1yzg
GDP,5mio
GDP,3j9m
GDP,7a5f
GDP,2gf9
GDP,6mlq
GG1,2ozr
GG5,3hvc
GGL,5cnk
GLA,1e4k
GLA,3gxp
GLN,3vp0
GLN,3tsk
GLU,6s4e
GLU,3lik
GLU,1dx5
GLY,6ehj
GLY,5jdw
GLY,6n48
GLY,5v7i
GLY,4ku8
GMG,3hdn
GNP,6x2u
GNP,3tso
GNP,6x2p
GNP,3nkv
GNP,1i4t
GNP,3bh6
GNP,4goj
GNP,2msd
GNP,2ic5
GNP,1s1c
GNP,1xtr
GOA,5tws
GOL,3s4r
GOL,4wwp
GOL,5cqd
GOL,5cti
GOL,2ojw
GOL,4d8k
GOL,1zxn
GOL,2g62
GOL,3h53
GOL,6njz
GOL,5ljm
GOL,6o5m
GOL,6xbp
GOL,6y7q
GOL,4w4z
GOL,4v0h
GOL,6dpq
GOL,6au8
GOL,5sww
GOL,1fjs
GOL,4zrj
GOL,3g7v
GOL,2vpe
GOL,3gkh
GOL,6yw3
GOL,5e26
GOL,4erv
GOL,3ux0
GOL,3gzo
GOL,5tbp
GOL,3bp4
GOL,5lrv
GOL,5d7v
GOL,4wh7
GOL,3tbg
GOL,6l5o
GOL,4nn2
GOL,4qxe
GOL,6qig
GOL,5i05
GOL,6fpy
GOL,5xaw
GOL,4tyo
GOL,6x2u
GOL,3op5
GOL,1de4
GOL,3zgv
GOL,4tvs
GOL,4q2t
GOL,5m73
GOL,6kax
GOL,2riq
GOL,6ie1
GOL,1r6t
GOL,6akm
GOL,4xo6
GOL,4nm0
GOL,6kbr
GOL,5zyu
GOL,6q2v
GOL,6tmd
GOL,4d1n
GOL,3b7w
GOL,6we8
GOL,4l9m
GOL,4dym
GOL,6ss2
GOL,5dif
GOL,4qtc
GOL,5vwv
GOL,6jlq
GOL,4lzg
GOL,5yco
GOL,4x0l
GOL,5y86
GOL,4l4j
GOL,5uhv
GOL,5c4v
GOL,5bo0
GOL,6u5l
GOL,6evr
GOL,5ljn
GOL,5l0t
GOL,4gv1
GOL,4xgl
GOL,3w7r
GOL,6uui
GOL,4d6z
GOL,4ikp
GOL,5lef
GOL,3hqc
GOL,2pe4
GOL,5ja4
GOL,5uwq
GOL,5aq0
GOL,3d2e
GOL,5l0m
GOL,6z20
GOL,4hbq
GOL,2z5x
GOL,6g8t
GOL,1zsy
GOL,3czv
GOL,3znv
GOL,4c1q
GOL,6akk
GOL,1lot
GOL,6vax
GOL,6fx4
GOL,5ulh
GOL,6a71
GOL,4ed5
GOL,3f6k
GOL,4alg
GOL,6u9s
GOL,2z2w
GOL,5a1n
GOL,3b7s
GOL,4crw
GOL,6du4
GOL,6hol
GOL,1nsi
GOL,2pob
GOL,5uwp
GOL,3u53
GOL,4rs1
GOL,4gmj
GOL,5ep6
GOL,6vb2
GOL,3up1
GOL,2ae7
GOL,7nrl
GOL,3o4r
GOL,3r90
GOL,4g2v
GOL,5vc1
GOL,2j91
GOL,6una
GOL,1waw
GOL,4at5
GOX,1u2y
GPI,1f40
GSH,2zk2
GSH,11gs
GSH,2wul
GSH,2brq
GSH,4bpm
GSP,7l0f
GSP,4dxa
GSP,4d0m
GTP,4xoi
GTP,5z58
GTP,6ydp
GTP,4uxo
GTP,6y09
GTP,1m7b
GTP,5f0q
GTP,4q7h
GTP,3lrn
GTP,1plk
GTP,6ak5
GV0,5ia5
GVO,2uw6
GW9,3b0r
H4B,1nsi
H52,3d9v
H56,7dfz
H7P,6dpq
H8D,6dry
HDU,1oiq
HEZ,3nmd
HEZ,1nhz
HFS,2etk
HFT,2ax6
HIC,4pkg
HIC,6nas
HIC,6upw
HIC,1lot
HIC,2d1k
HNQ,3ai8
HOH,1zy8
HPA,6hgq
HPP,5sxf
HSE,5h6r
HUL,4xh6
HYP,2hlo
HYP,5cjb
HYP,4ps1
HYP,4auo
I3P,4qj4
I3P,3c5n
I84,1el3
IBM,1rkp
ID8,2xn3
IHP,6zwm
IHP,1zy7
IHP,6id1
IHP,5xjc
IHP,6ff4
IHU,2ati
IMN,4yia
IMP,2bzn
IMP,6u8e
INA,1ayu
INQ,1i91
IPA,4z07
IPA,6wo2
IPA,1li4
IPA,2ri7
IPH,6q7s
IPH,3nx8
IPH,2ve7
IVA,6v8w
IYR,4ikm
J07,2p33
J3Z,3hm1
JK3,3fv8
K1S,5qjq
K25,4u7f
K86,5xpr
K88,2wel
KDH,3ng5
KE8,6rq4
KMT,4lcj
KSA,3eqf
KSA,4wsq
KSA,5m5a
KSL,2zyb
L03,1wbg
L1X,4eev
L35,2d5z
L41,3d5f
LAZ,1ojc
LDA,4xh2
LDP,5pah
LI,2jht
LI,2i3h
LJ5,3cn4
LOC,5mio
LQQ,2euf
LU2,5ndf
LY1,1n7i
LZ5,2vtl
LZ7,2vtn
LZB,2vtr
M3L,3dm1
M3L,7cna
M3L,4mzf
M3L,3avr
M3L,4h75
M3L,4bd3
M3L,2l12
M3L,3lqj
MAH,1dq8
MB3,3p1d
MB3,4a9f
MED,4oij
MES,3egg
MES,5ltt
MES,4yqm
MES,5pba
MES,4xuc
MES,6uxe
MES,6hv4
MES,4a08
MES,4cn2
MES,3ici
MES,7lfb
MES,6bft
MES,5wb2
MES,7b7z
MES,6ml1
MES,1p8v
MES,6o9b
MES,6i02
MES,7jnt
MES,5mer
MES,4gwg
MET,5a1i
MI1,4oti
MI1,3lxk
MLA,7mx4
MLA,4bx9
MLA,6k3e
MLA,1nu4
MLA,2f8a
MLA,5c8w
MLT,2g76
MM3,1d5j
MPO,5i0i
MR4,2qgc
MSE,3pfn
MSE,4dwf
MSE,4dmb
MSE,3enp
MSE,4qik
MSE,4gs4
MSE,1gzu
MSE,3llm
MSE,2efk
MSE,3lrq
MSE,6d12
MSE,5x94
MSE,4giw
MSE,4jio
MSE,3p7g
MSE,6zk7
MSE,3v3l
MSE,1uea
MSE,1g13
MSE,4m8g
MSE,3o6e
MSE,3dcy
MSE,2hzq
MSE,4cgq
MSE,2ibn
MSE,5t76
MSE,3ux2
MSE,4hoq
MSE,1rhf
MSE,2ek1
MSE,1yo8
MSE,6l5n
MSE,2f0x
MSE,4fxw
MSE,4uyj
MSE,6koi
MSE,1ok3
MSE,1zs9
MSE,4zey
MSE,6ixe
MSE,5bsa
MSE,4cem
MSE,1pdv
MSE,3l82
MSE,5x3p
MSE,4q28
MSE,4ae4
MSE,1t2l
MSE,4lii
MSE,4kgo
MSE,6tyd
MSE,2azm
MSE,3l0i
MSE,2wtt
MSE,3rsn
MSE,2ydy
MSE,6d42
MSE,4l8r
MSE,6le5
MSE,5una
MSE,3s8w
MSE,2x19
MSE,3h6n
MSE,1foe
MSE,4emo
MSE,2hy3
MSE,1nxk
MSE,4owt
MSE,6jrp
MSE,2f9d
MSE,2i6k
MSE,4i9x
MSE,2nmm
MSE,4f27
MSE,4rhp
MSE,3wws
MSE,4mew
MSE,1jy1
MSE,2b4y
MSE,4bc2
MSE,5d9g
MSE,6mw7
MSE,7lc2
MTH,1sd2
MTK,2nni
MYR,1cmk
MYR,6u73
MYR,5t7c
MYR,6i3v
NAD,1dhs
NAD,7anw
NAD,1u7t
NAD,3cos
NAD,3h9e
NAD,1a7a
NAD,3mtg
NAD,7jwu
NAP,6lhr
NAP,1ads
NAP,1dia
NAP,1pr9
NAR,4deu
NBU,7m5m
NBV,2v3d
NCA,6xv6
NDG,1jv2
NDG,7be3
NDG,1ivy
NDG,1v84
NDG,3k24
NDG,1dlh
NDG,1qdd
NDP,2i99
NDP,4piv
NDR,1sqn
NEQ,4us0
NGH,1q3a
NIL,3gp0
NIL,3cs9
NLE,6nqa
NLE,5c3g
NLE,6cen
NLE,7f4f
NLE,6ven
NLE,5jiy
NLG,4k30
NO3,6k9y
NO3,6ssu
NO3,3jz1
NO3,4bjo
NO3,6w0r
NO3,4kgh
NO3,3gzd
NO3,4ey4
NO3,4cn5
NO3,4bv3
NO3,1t5c
NO3,6gid
NTA,4h0w
NVA,1jdx
O,6ybs
O,7onm
OHT,1vjb
OLA,5vew
OLA,2lkk
OLA,6gpx
OLA,2wq9
OLA,5uen
OLA,6ol9
OLA,1gni
OLA,5lwy
OMT,4wvp
OPE,3kqr
OSE,2pvv
OU5,6yjm
OXM,6xxh
OXY,2qd5
P1Z,2w98
P30,4rt7
P31,4r7h
P4G,6qlb
PAC,2ine
PCA,4b53
PCA,5utz
PCA,2agj
PCA,4m7l
PCA,7o7f
PCF,2ygn
PGE,6qzh
PGE,6d26
PGE,2yhw
PGE,4i0p
PGE,6c0t
PGE,6ox3
PGE,5ibn
PGE,2wh0
PGE,5y41
PGE,6d66
PGE,2pye
PHE,1fh0
PLM,7f16
PLM,7cz5
PLM,3epy
PLP,6m4n
PLP,2jis
PLP,2abj
PLP,3dyd
PLP,2rkb
PLP,3rbf
PLP,3ihj
PMP,1kta
PMS,1klt
PN0,3qm4
PP1,1qcf
PPI,4uwc
PRO,1pin
PRO,1au8
PTR,1cm8
PTR,4qum
PTR,6p5s
PTR,2iuh
PTR,2zoq
PTR,1ygu
PTR,6c5x
PTR,1irs
PTR,3da9
PTR,1qg1
PTR,3gqi
PTR,2ci9
PTR,3ci5
PTR,5y86
PTR,6e8k
PTR,3d42
PTR,2oq1
PTR,4ch2
PTR,2hwl
PTR,1aot
PTR,5njj
PTR,1lcj
PUT,1i72
QDN,4wnu
QOP,6v34
QSO,5jmm
QUE,5auw
QUE,2hck
QUE,3lm5
QUS,6n50
R18,1e3g
R1H,7neq
R78,2rku
R78,7lai
RAL,2y05
RDC,2q8i
RE2,3ftu
REA,1cbs
RED,1y8n
RHN,4ie7
RIT,3nxu
RO7,3g8i
ROL,1ro6
ROV,6vum
ROV,7n6r
RPB,4rv6
RRC,2a4l
RUT,1ry8
RZX,3pgl
SAH,3qox
SAH,4xcx
SAH,6irw
SAH,2igq
SAH,7mq8
SAH,4o6f
SAH,6v62
SAH,6wkr
SAL,5f1a
SAR,3m17
SAR,6kds
SC2,5nn4
SEP,6yib
SEP,4qpm
SEP,2i0e
SEP,3beg
SEP,6iwa
SEP,4bg6
SEP,6g76
SEP,5ema
SEP,7ndy
SEP,6k3f
SEP,4w5a
SEP,3coj
SEP,5o1v
SEP,1x80
SEP,4yj4
SEP,6b67
SEP,6hyj
SEP,1t2v
SEP,5f7h
SEP,4igk
SEP,4wb7
SEP,2rt5
SEP,5ezv
SEP,1t15
SEP,1lf8
SEP,3bh9
SEP,6ejl
SEP,5lx2
SEP,7jfl
SEP,5wr7
SEP,1z8d
SEP,5my9
SEP,2ruk
SER,4oel
SFG,4x60
SFG,6jat
SIA,1g1t
SIA,5vkm
SIA,2df3
SIA,4a5t
SIA,1qdd
SIA,2w9l
SIN,6ydx
SIN,4q6r
SIN,2rkz
SIN,4m5s
SOA,1bio
SOR,6bjd
SP6,2ow9
SPM,1rff
SRL,1ilh
SRO,7li9
STI,3gvu
STL,1sg0
STL,4hda
STU,1nxk
STU,6b2e
STU,5loh
STU,1nvr
STU,3fme
SVR,2h9t
T57,4jyw
TAR,2rku
TCL,4w9n
TD2,5h9q
TFP,3ko0
TLA,4i9y
TLA,4job
TLA,4wjx
TLA,4jq1
TLA,1d5r
TLA,5aho
TLA,5zyw
TLS,3vn2
TMP,1e2d
TOL,2fzb
TP0,5ha9
TP0,3apv
TRP,5g6u
TRP,6hip
TRP,1dmt
TSN,5edu
TSN,3c10
TSU,7cc7
TSX,1m51
TXQ,3q9y
TYR,4qbt
TYR,7rs3
U49,1ld8
UAS,6wv6
UCN,7oub
UCN,1nvq
UDP,4irp
URE,4fqf
URE,2oly
URS,5phf
UTP,1uei
UTP,5vz8
VAL,2bo9
VD1,1rkg
VDX,1db1
VDY,1j78
VX6,2f4j
VX6,4af3
XB7,7kxt
XYL,4xwh
ZN,4ccg
ZN,5gox
ZN,1xb0
ZN,7mqa
ZN,4ptb
ZN,2n1a
ZN,6ze9
ZN,2iim
ZN,2mxv
ZN,2cqe
ZN,3n1q
ZN,1r54
ZN,3d2n
ZN,5c13
ZN,7a09
ZN,4udu
ZN,1mm2
ZN,6lpp
ZN,5lwy
ZN,2gfo
ZN,2mkd
ZN,7eg0
ZN,1do5
ZN,2i7t
ZN,4orh
ZN,2psr
ZN,4uxt
ZN,5lks
ZN,2dq5
ZN,6h3r
ZN,1r42
ZN,6wkr
ZN,6dqj
ZN,2wk3
ZN,7ol0
ZN,6sqo
ZN,6obd
ZN,2egm
ZN,2ct0
ZN,1dmt
ZN,5gpy
ZN,6rr9
ZN,5ywr
ZN,6v4x
ZN,5hxb
ZN,4km5
ZN,3iai
ZN,2b3x
ZN,6wmi
ZN,6acl
ZN,1x6f
ZN,6d6q
ZN,4nt5
ZN,2e6r
ZN,5tbn
ZN,4l3t
ZN,1w1i
ZN,2ecv
ZN,4bkx
ZN,3ovl
ZN,5y0u
ZN,4wb7
ZN,2lxh
ZN,3lyr
ZN,1kwm
ZN,6tm5
ZN,1ma3
ZN,1faq
ZN,3guc
ZN,2e5r
ZN,4ral
ZN,2rjp
ZN,6olg
ZN,4wgk
ZN,2ypa
ZN,2uzi
ZN,1oxn
ZN,2yhw
ZN,3ope
ZN,4qc1
ZN,2m7q
ZN,1y8r
ZN,1mq0
ZN,5u2j
ZN,1x3h
ZN,4hc7
ZN,6bn7
ZN,4ckv
ZN,4or9
ZN,5zi6
ZN,2jih
ZN,2jg4
ZN,2yrc
ZN,6hl6
ZN,4pjo
ZN,5gof
ZN,1itq
ZN,4b7y
ZN,7nql
ZN,1py2
ZN,2j0t
ZN,3ho5
ZN,1jcq
ZN,6rw5
ZN,5aiu
ZN,4he2
ZN,2ka4
ZN,5yp8
ZN,7l3l
ZN,2psy
ZN,2ys2
ZN,3i3t
ZN,4kx7
ZN,6me6
ZN,6ya7
ZN,1g25
ZN,4a3n
ZN,7of2
ZN,1vec
ZN,7b0y
ZN,4zk0
ZN,6zm7
ZN,6icz
ZN,5in3
ZN,4wth
ZN,5kyu
ZN,3cbb
ZN,2enn
ZN,2cqf
ZN,1fp0
ZN,2lau
ZN,1a85
ZN,3o33
ZN,4wco
ZN,6edb
ZN,3zlz
ZN,1p4q
ZN,6tt5
ZN,2ghf
ZN,7o9m
ZN,3uk3
ZN,2yqm
ZN,5oam
ZN,7ob9
ZNM,7msa
ZOT,6a94
ZY6,2wmx
